gene	p_val	avg_log2FC	pct.1	pct.2	p_val_adj
CD74	0	3.072343871834266	0.981	0.763	0
HLA-DRA	0	3.995438047483049	0.962	0.32	0
HLA-DRB5	0	3.1605348593203653	0.844	0.058	0
HLA-DRB1	0	3.67256143172301	0.983	0.148	0
HLA-DPA1	0	3.2719769362865585	0.949	0.222	0
HLA-DPB1	0	3.1617248466982395	0.922	0.278	0
HLA-DMA	9.063824397373607e-223	2.3572108135901706	0.621	0.054	1.2430128778558164e-218
HLA-DQA1	6.573573942361588e-206	2.8570761714002817	0.535	0.029	9.014999304554681e-202
HLA-DQB1	8.023170234142571e-181	2.624542029916044	0.545	0.059	1.1002975659103121e-176
LY86	3.9013220173458136e-139	1.6292705565579153	0.443	0.042	5.3502730145880486e-135
SPI1	1.2807186595467783e-136	1.590746356714896	0.474	0.059	1.7563775697024517e-132
HLA-DMB	1.9273963188114983e-133	1.7113912355506211	0.42	0.039	2.6432313116180887e-129
CTSS	2.3355519723463968e-132	1.8356948392240615	0.755	0.384	3.2029759748758485e-128
FTL	7.221923753487411e-130	1.7633323964873888	0.996	0.986	9.904146235532636e-126
OAZ1	1.4453584983968976e-127	1.0549167768193768	0.963	0.881	1.9821646447015053e-123
CST3	2.4200194190718097e-125	2.641270985776459	0.638	0.255	3.3188146313150798e-121
FTH1	8.440157029396143e-123	1.770213595900648	0.996	0.986	1.157483135011387e-118
LST1	2.012133484312544e-121	2.191158914149839	0.604	0.209	2.759439860386223e-117
IFI30	3.5289035714245443e-121	1.559817037042383	0.387	0.033	4.83953835785162e-117
TYMP	2.9980659941544185e-119	1.8708875725192815	0.602	0.197	4.111547704383369e-115
ARPC3	1.977707107574103e-117	1.0022143787104594	0.928	0.751	2.712227527327125e-113
CYBA	7.476438462531748e-117	0.9853564281633376	0.947	0.788	1.0253187707516039e-112
CFD	9.083311986604772e-116	1.7285027743014862	0.472	0.086	1.2456854058429783e-111
HLA-DQA2	1.990050377941836e-109	1.6353807020242566	0.309	0.015	2.729155088309434e-105
FAM26F	5.54937509958831e-109	1.4746617454618427	0.463	0.09	7.610413011575408e-105
CD68	7.214693548312474e-109	1.470008193975464	0.457	0.082	9.894230732155728e-105
SAT1	1.0398758888417874e-107	1.5230192216401948	0.787	0.474	1.426085793957627e-103
IFITM3	1.9866501166976502e-107	2.040619815863007	0.451	0.091	2.7244919700391574e-103
CD79A	2.6602191425032344e-107	2.7957940941840143	0.355	0.041	3.648224532028936e-103
CD79B	4.399004435035723e-105	2.3202642631689248	0.463	0.111	6.03279468220799e-101
FCN1	3.273272309729358e-104	1.8920109913614707	0.529	0.157	4.4889656455628414e-100
LGALS2	3.384791675946646e-104	2.001760194119764	0.436	0.081	4.641903304393231e-100
SERPINA1	1.0136367767888819e-103	1.6567099682117994	0.477	0.11	1.3901014756882727e-99
NPC2	1.3749951852681976e-103	1.5637250291088096	0.647	0.281	1.8856683970768063e-99
AIF1	3.5905467400264185e-102	2.0451133137039457	0.59	0.246	4.9240757992722305e-98
PSAP	3.988725846125522e-102	1.6562005253225918	0.704	0.393	5.4701386253765406e-98
CFP	1.712565457525071e-99	1.457319794354749	0.425	0.079	2.3486122684498822e-95
COTL1	4.8425952312688e-99	1.6869465580201846	0.769	0.547	6.641135100162033e-95
S100A9	4.635545721580514e-98	1.6702060929614397	0.591	0.218	6.357187402575517e-94
MS4A1	3.170698927305431e-97	2.113609638701358	0.344	0.046	4.348296508906668e-93
GRN	9.149326060528584e-96	1.3392308527551298	0.466	0.11	1.25473857594089e-91
FCER1G	8.508725413539419e-95	1.821205031838912	0.58	0.226	1.1668866032127958e-90
TYROBP	1.9249681565962766e-93	1.913338586787027	0.611	0.271	2.6399013299561336e-89
AP1S2	2.2446995587975797e-91	1.4017435806024288	0.523	0.163	3.078380974935001e-87
LYZ	7.390867191778549e-90	2.312710360986677	0.744	0.521	1.0135835266805102e-85
PYCARD	1.0944104458899818e-88	1.4102640484261113	0.597	0.237	1.500874485493521e-84
HCK	2.604555304521032e-86	1.186612112117913	0.329	0.044	3.571887144620143e-82
CTSH	3.8297058818283844e-83	1.1396705948372046	0.365	0.065	5.252058646339446e-79
NCF2	7.167509752800863e-82	1.1763662293310633	0.365	0.064	9.829522874991104e-78
SLC7A7	5.1450986782700675e-80	1.1013358429484081	0.303	0.038	7.05598832737957e-76
LGALS1	3.8652146035963684e-79	1.672289821191331	0.646	0.376	5.300755307372059e-75
CD37	9.54174658392118e-79	1.1529900646698623	0.887	0.7	1.3085551265189506e-74
GABARAP	1.3377157494602772e-75	1.1405367789271228	0.671	0.381	1.8345433788098243e-71
S100A8	1.3611497615900382e-75	1.2878310485075444	0.482	0.154	1.8666807830445786e-71
LGALS3	3.660568988104348e-74	1.4937080040735404	0.441	0.13	5.0201043102863024e-70
GPX1	3.739485968735627e-73	1.0028004461213151	0.624	0.303	5.128331057524039e-69
TCL1A	2.952867851461239e-72	2.261062714244366	0.234	0.02	4.049562971493943e-68
APOBEC3A	8.546084831585471e-72	1.472717661176936	0.275	0.036	1.1720100738036316e-67
MS4A6A	9.184306740459635e-72	1.3501830181993717	0.326	0.059	1.2595358263866343e-67
LILRA5	1.219479911864236e-71	1.0233428512818055	0.268	0.031	1.6723947511306133e-67
BRI3	1.363842190027353e-71	1.095213082609695	0.389	0.095	1.8703731794035118e-67
PILRA	1.4838632543448072e-71	0.9954069234797879	0.265	0.03	2.0349700670084685e-67
FGR	1.8181561758414925e-71	0.932927594310794	0.408	0.102	2.493419379549023e-67
FCGRT	3.3633479948667786e-71	1.1554452825409183	0.428	0.117	4.6124954401603e-67
RP11-290F20.3	6.036937241739547e-71	1.1454112001969634	0.26	0.03	8.279055733321615e-67
MS4A7	7.1600612423503706e-71	1.300501133478432	0.263	0.031	9.819307987759299e-67
IGSF6	2.1066675052169065e-70	0.941668677582494	0.249	0.025	2.8890838166544657e-66
CPVL	3.2966482731161887e-69	1.0022977061355187	0.259	0.03	4.521023441751541e-65
POU2F2	8.790304375402553e-69	1.0402451051775574	0.324	0.062	1.2055023420427061e-64
LINC00926	1.247700694017555e-68	1.6020230797369055	0.202	0.01	1.7110967317756747e-64
TKT	1.9048255005873826e-68	1.0850281593065172	0.55	0.233	2.6122776915055364e-64
CDA	2.0262721197256222e-68	1.0587985983649388	0.305	0.052	2.7788295849917184e-64
C19orf38	2.6305702063097224e-68	0.8776019727048033	0.24	0.023	3.6075639809331535e-64
HVCN1	4.4471763580011016e-65	1.028870929298503	0.265	0.039	6.0988576573627104e-61
RNF130	5.705309899416211e-65	0.9798540987208066	0.348	0.08	7.824261996059392e-61
GSTP1	1.29363060395692e-64	1.2834567140835058	0.636	0.355	1.7740850102665202e-60
MNDA	1.7942193159326296e-64	0.8934628775340939	0.271	0.04	2.4605923698700082e-60
LRRC25	8.747580048513765e-64	0.9359725919705326	0.233	0.025	1.1996431278531778e-59
LYL1	2.35494004709106e-62	0.8705407187746577	0.254	0.035	3.229564780580679e-58
MAFB	4.600651827503497e-62	0.9710763093917172	0.224	0.023	6.3093339162382964e-58
PLAUR	1.4326846995686232e-61	0.8503130781248031	0.259	0.038	1.96478379698841e-57
TNFSF13B	2.2674602339255363e-61	1.1005400747811924	0.318	0.069	3.109594964805481e-57
VPREB3	1.3349498856125564e-60	1.3042870848337105	0.174	0.007	1.8307502731290598e-56
ALDH2	1.940745015673303e-59	1.0743775458488927	0.242	0.033	2.661537714494368e-55
IRF8	4.308778050788424e-59	1.153064027246304	0.239	0.034	5.909058218851244e-55
FPR1	7.436037737506327e-59	1.055094814968724	0.237	0.032	1.0197782153216177e-54
IFNGR2	3.3734404404015075e-58	0.9670287599394476	0.307	0.068	4.626336219966627e-54
CTSZ	7.265399323519766e-58	0.8435676613219341	0.242	0.035	9.963768632275007e-54
CEBPD	1.2421729296131444e-57	1.0406323727289102	0.397	0.122	1.7035159556714662e-53
MPEG1	8.527763451366642e-57	0.7909004941263313	0.235	0.033	1.1694974797204213e-52
FGL2	5.83708875379314e-56	0.5980227188563016	0.261	0.046	8.004983516951912e-52
TGFBI	2.1397080626622157e-54	0.7344262070008667	0.23	0.034	2.934395637134963e-50
MT-CO1	2.7006798622616434e-54	0.4033585729156295	0.997	0.993	3.703712363105618e-50
CD14	1.291095608165744e-53	1.112776639078009	0.282	0.062	1.7706085170385013e-49
ANXA2	1.9853253193506494e-53	1.0047965616508703	0.597	0.342	2.7226751429574807e-49
NUP214	2.1293155153076834e-53	0.8559303647886072	0.284	0.061	2.9201432976929568e-49
EIF4EBP1	8.740276998114014e-53	0.8245441194050864	0.253	0.047	1.1986415875213558e-48
KLF4	1.521554184014567e-52	0.818753186314647	0.247	0.045	2.0866594079575772e-48
CAPG	1.9927643399435813e-52	0.9406315851740309	0.398	0.134	2.7328770157986274e-48
BTK	7.205153017493542e-52	0.8442974343848041	0.189	0.019	9.881146848190644e-48
STXBP2	3.8175588171452186e-51	1.072840063085512	0.405	0.149	5.235400161832953e-47
LYN	7.555402981631689e-51	0.9123178534147988	0.296	0.073	1.0361479649009697e-46
BLVRB	9.084647158290688e-51	0.9028405687765524	0.303	0.077	1.245868511287985e-46
RAC1	4.840790777358889e-50	0.8076366948018345	0.61	0.339	6.638660472069981e-46
CYBB	1.0977643913286595e-49	0.7447276767462333	0.225	0.038	1.5054740862681236e-45
ATP6V0B	2.591420598445774e-49	0.9174286973300008	0.511	0.234	3.5538742087085345e-45
RNASE6	3.435227365658521e-49	0.81850953824447	0.215	0.034	4.711070809264096e-45
LILRB2	4.151013555167402e-49	0.7582904886044919	0.213	0.033	5.692699989556574e-45
PRELID1	5.609533178926288e-49	0.9772122367779432	0.628	0.376	7.692913801579511e-45
SNX2	9.14068217446088e-49	0.9301136964530161	0.366	0.123	1.253553153405565e-44
RGS2	9.472927910611615e-49	0.9472957632542454	0.442	0.179	1.299117333661277e-44
STX11	1.0706903768653501e-48	0.8784130363728577	0.263	0.056	1.4683447828331411e-44
S100A11	1.2011902735162375e-48	1.2009836712083906	0.631	0.464	1.647312341100168e-44
AP2S1	1.5232079266535847e-48	0.9685815617338029	0.52	0.254	2.088927350612726e-44
FKBP1A	3.158898019032349e-48	0.7481606054097021	0.618	0.375	4.3321127433009633e-44
BANK1	4.7107636112807005e-48	1.081035257676937	0.202	0.031	6.460341216510353e-44
FCER2	1.454687317606333e-47	1.0938433698117795	0.142	0.007	1.9949581873653252e-43
FCGR2A	1.551478771895832e-47	0.5530169458112485	0.189	0.024	2.1276979877779442e-43
LYST	1.8794514106611102e-47	0.7724384431950628	0.246	0.051	2.5774796645806467e-43
LGALS9	2.182819298646156e-47	0.7601249045670821	0.318	0.09	2.9935183861633384e-43
MEF2C	5.595305893689748e-47	0.8314576927249571	0.165	0.016	7.673402502606119e-43
WARS	1.1371798381614748e-46	0.9091363793410073	0.262	0.061	1.5595284300546466e-42
TMEM176B	1.6581283680663758e-46	0.7799331326136597	0.155	0.012	2.2739572439662277e-42
BLVRA	1.9489172264064767e-46	0.9842637316047452	0.329	0.1	2.672745084293842e-42
HHEX	2.3823134166349693e-46	0.7623108489451538	0.174	0.02	3.267104619573197e-42
CTSB	2.5927632431293783e-46	0.9299749469530051	0.347	0.113	3.5557155116276294e-42
TBXAS1	5.2597550551729475e-46	0.70647856584188	0.233	0.046	7.21322808266418e-42
MARCH1	6.4160763642201145e-46	0.8339019715262976	0.171	0.019	8.799007125891465e-42
CEBPB	1.513010649160092e-45	1.211235730058692	0.476	0.234	2.0749428042581503e-41
APLP2	2.006721441545694e-45	0.785525444270087	0.303	0.085	2.7520177849357644e-41
SCPEP1	2.6972236541153252e-45	0.8222609765219646	0.261	0.063	3.698972519253757e-41
ODF3B	2.8349649994312274e-45	0.6761515611933522	0.24	0.051	3.887871000219985e-41
CSF1R	2.9442668584180776e-45	0.5884102732553165	0.164	0.016	4.0377675696345516e-41
EAF2	4.172223657915959e-45	0.9318413276758472	0.199	0.033	5.721787524465946e-41
SNX3	6.272663786970578e-45	0.7286932587958559	0.633	0.367	8.60233111745145e-41
CLIC1	1.0545378545492478e-44	0.5932763727568964	0.79	0.559	1.4461932137288385e-40
RAB32	2.1250423146717377e-44	0.6573560568436532	0.187	0.026	2.914283030340821e-40
HMOX1	2.5628216785949244e-44	0.6877790821650555	0.159	0.016	3.5146536500250793e-40
NCF1	5.753574589337423e-44	0.9875907739604659	0.295	0.088	7.890452191817343e-40
PLBD1	6.904083878041466e-44	0.8061128710958206	0.189	0.028	9.468260630346067e-40
CD33	3.3761117045399643e-43	0.631460384872095	0.165	0.019	4.6299995916061073e-39
BID	8.016496361316045e-43	0.8739550799470428	0.349	0.122	1.0993823109908824e-38
SMCO4	8.609466233697677e-43	0.6765149708389351	0.214	0.041	1.1807021992892995e-38
GAPT	9.844436135613269e-43	0.7085960889426255	0.149	0.013	1.3500659716380038e-38
YBX3	1.4701393707510126e-42	0.7931749678855187	0.21	0.041	2.0161491330479386e-38
SLC31A2	3.1184852380743276e-42	0.6972803745249557	0.188	0.03	4.276690655495133e-38
ARPC1B	3.168471458580805e-42	0.69120528026582	0.812	0.709	4.3452417582977164e-38
SIGLEC10	4.849201116725741e-42	0.5918144236630991	0.139	0.01	6.650194411477681e-38
YBX1	9.752358602053892e-42	0.587090079889272	0.88	0.78	1.3374384586856709e-37
CPPED1	2.700685755897914e-41	0.6762399649421474	0.209	0.041	3.7037204456383996e-37
ASAH1	3.9826903176343823e-41	0.8805855831303032	0.39	0.16	5.461861501603792e-37
TALDO1	4.961256343564395e-41	0.470207245150877	0.529	0.275	6.8038669495642105e-37
CLEC7A	8.413016494070957e-41	0.5961210316130824	0.155	0.018	1.153761081996891e-36
CD40	1.0321420461673572e-40	0.7089894056299726	0.141	0.013	1.4154796021139138e-36
SCIMP	1.557391897844084e-40	0.6235277320612759	0.174	0.026	2.1358072487033765e-36
C1orf162	1.732492255122494e-40	0.7819401908358343	0.549	0.294	2.3759398786749883e-36
HES4	3.7597058936521065e-40	0.5918313441553695	0.131	0.009	5.156060662554499e-36
RHOB	4.888101985414285e-40	0.7734144885632193	0.243	0.062	6.703543062797151e-36
CSF3R	8.105960225899236e-40	0.8017332071765804	0.224	0.051	1.1116513853798213e-35
LILRB1	3.253898232861999e-39	0.5835613142638116	0.141	0.014	4.462396036546945e-35
ANXA5	4.7852876277784096e-39	0.7374344389227447	0.454	0.22	6.56254345273531e-35
SLC11A1	5.923471186361099e-39	0.6340430785999273	0.186	0.033	8.123448384975611e-35
ALOX5	7.640140886371288e-39	0.6116728446672115	0.178	0.03	1.0477689211569584e-34
LILRB4	8.037533539399004e-39	0.5278714883521508	0.126	0.008	1.1022673495931793e-34
TSPO	1.0542248253134131e-38	0.7847821648867919	0.619	0.394	1.4457639254348146e-34
STX7	1.0778973548900906e-38	0.8006557222133852	0.233	0.06	1.4782284324962703e-34
LILRA3	1.6114458024037326e-38	0.6416603016721547	0.141	0.015	2.2099367734164787e-34
OAZ2	8.125151777946187e-38	0.7928169207860258	0.287	0.089	1.11428331482754e-33
CD1D	2.480664614303837e-37	0.524054448329189	0.129	0.011	3.401983452056282e-33
CAMK1	5.086955863483805e-37	0.5108497257029512	0.138	0.015	6.976251271181691e-33
CNPY3	5.223430857184145e-37	0.8380696445339824	0.426	0.191	7.163413077542336e-33
CD302	5.9621724811312755e-37	0.5149970308668619	0.145	0.018	8.176523340623431e-33
TSPAN13	1.2350373783165813e-36	0.8176163151489286	0.114	0.007	1.6937302606233595e-32
PRAM1	1.903584511019313e-36	0.5444598983610247	0.151	0.021	2.6105757984118856e-32
HLA-DOB	8.345264994953326e-36	0.7276812743428477	0.114	0.007	1.144469641407899e-31
LINC00936	8.795911417702898e-36	0.8890699503142065	0.424	0.194	1.2062712918237755e-31
FCRLA	1.392193168437323e-35	0.8491535737908846	0.108	0.005	1.9092537111949447e-31
ASGR1	1.5325382698806403e-35	0.7184397697809426	0.166	0.028	2.10172298331431e-31
PHACTR1	2.388422987811889e-35	0.6292480972893397	0.113	0.007	3.2754832854852246e-31
C5AR1	3.2052768467436367e-35	0.7209769673457208	0.194	0.042	4.3957166676242235e-31
TPPP3	5.663707504864565e-35	0.4864112545466787	0.109	0.006	7.767208472171265e-31
PLD4	5.840190183624526e-35	0.5717408156586737	0.114	0.008	8.009236817822675e-31
NEAT1	2.007363918643194e-34	0.7577040015880079	0.721	0.591	2.7528988780272765e-30
SMIM14	3.0295369102425485e-34	0.8659981544272236	0.195	0.047	4.154706918706631e-30
PGLS	3.5011754552025377e-34	0.6189801894676512	0.44	0.214	4.80151201926476e-30
UNC93B1	4.0947033893820885e-34	0.532816185676403	0.172	0.033	5.6154762281985964e-30
TNFAIP2	8.263914375297492e-34	0.653760532463693	0.142	0.02	1.133313217428298e-29
HSBP1	2.9261467250704653e-33	0.6242284186567656	0.277	0.094	4.012917618761636e-29
CCDC50	4.291520018557e-33	0.5174882034254695	0.125	0.014	5.88539055344907e-29
DUSP6	5.081598214183276e-33	0.5788256283015003	0.183	0.04	6.968903790930945e-29
CD86	5.233807839502186e-33	0.43224945639233964	0.127	0.015	7.177644071093298e-29
S100A6	1.722433451963959e-32	0.9817604829438036	0.759	0.797	2.3621452360233734e-28
TESC	2.2158570687548273e-32	0.5786861488759685	0.162	0.031	3.0388263840903703e-28
SYNGR2	2.324128103913193e-32	0.5932462182239839	0.24	0.073	3.187309281706553e-28
CD300E	3.7421030654320385e-32	0.46279282358835594	0.135	0.019	5.131920143933498e-28
IL1B	5.039176737706857e-32	0.7829949318745788	0.16	0.031	6.910726978091184e-28
CXCL16	1.015678183979256e-31	0.4574667888676311	0.117	0.012	1.3929010615091516e-27
GCA	1.2970352958471896e-31	0.6975876306263215	0.232	0.07	1.7787542047248357e-27
VASP	1.3134928580028594e-31	0.6298803581850492	0.414	0.192	1.8013241054651214e-27
PTPN6	1.7657178755436014e-31	0.6215063858116903	0.432	0.214	2.421505494520495e-27
KYNU	3.1073568836017056e-31	0.4811361555919912	0.114	0.012	4.261429230171379e-27
GPBAR1	4.710366209379954e-31	0.5170955600772155	0.139	0.022	6.4597962195436685e-27
SWAP70	5.303826297092313e-31	0.6558058245220415	0.117	0.013	7.273667383832398e-27
VSTM1	8.686112461158888e-31	0.4982847678159954	0.131	0.019	1.19121346292333e-26
LILRA2	9.713014931614847e-31	0.42564532195472105	0.104	0.008	1.33204286772166e-26
BST1	4.158634562512633e-30	0.4856193754699602	0.151	0.028	5.703151439029825e-26
PKIG	4.847622285030813e-30	0.6844726423974186	0.101	0.008	6.648029201691257e-26
TNFRSF1B	1.1968530586038181e-29	0.7135018442115328	0.246	0.081	1.6413642845692762e-25
GNG7	1.3767436331299842e-29	0.6772775477622939	0.117	0.015	1.8880662184744603e-25
OSCAR	1.8109355305944338e-29	0.5300223885983949	0.12	0.016	2.4835169866572064e-25
VCAN	1.9726409952104155e-29	0.5257580564077037	0.183	0.045	2.705279860831564e-25
CD300C	3.8565786036158886e-29	0.3834648252529481	0.109	0.012	5.28891189699883e-25
PDLIM1	3.983914746631678e-29	0.6172279322936727	0.131	0.022	5.463540683530683e-25
SNX10	4.6936917549521126e-29	0.5265438533433138	0.182	0.046	6.436928872741327e-25
H2AFY	5.661884752312485e-29	0.8172696766186616	0.428	0.22	7.764708749321342e-25
CD300LF	6.19726232893134e-29	0.4370720023182301	0.128	0.02	8.49892555789644e-25
LY6E	6.578093918556268e-29	0.6092342426640243	0.753	0.618	9.021197999908065e-25
MTMR11	7.561773595181274e-29	0.43565841155214313	0.114	0.014	1.0370216308431599e-24
IFI6	1.0123872619618746e-28	0.6790585021616706	0.531	0.327	1.3883878910545149e-24
LAT2	1.0946733132336718e-28	0.767262318261221	0.174	0.044	1.5012349817686575e-24
RXRA	1.9380803677422484e-28	0.610506668082656	0.121	0.018	2.6578834163217194e-24
BLOC1S1	4.629835234430281e-28	0.43595233940125855	0.446	0.232	6.349356040497688e-24
POLD4	1.0871955111698231e-27	0.6917940125133009	0.482	0.269	1.4909799240182956e-23
CARD16	1.110463106800497e-27	0.660082621092343	0.415	0.21	1.5228891046662017e-23
LAPTM5	1.5202508202511147e-27	0.5773493509127623	0.869	0.747	2.0848719748923787e-23
NOTCH2NL	1.98889856164286e-27	0.5851551408757654	0.189	0.053	2.727575487437018e-23
CD83	2.761979791434149e-27	0.5237256674901115	0.148	0.032	3.787779085972792e-23
SLC25A6	2.9068268662810497e-27	0.41197418873350644	0.876	0.807	3.9864223644178315e-23
ARHGEF40	4.602117852558024e-27	0.4006293952886091	0.119	0.018	6.311344422998074e-23
CD72	5.109872898816324e-27	0.6727726162374746	0.102	0.012	7.007679693436706e-23
ARPC2	1.5093198747730267e-26	0.41457393728538783	0.846	0.776	2.0698812762637288e-22
H3F3A	1.6073029269034322e-26	0.5287766864634746	0.519	0.306	2.204255233955367e-22
ATG3	1.7376847283356592e-26	0.5082904277596958	0.327	0.145	2.383060836439523e-22
C20orf27	1.899101421871578e-26	0.4157897541069856	0.221	0.074	2.6044276899546823e-22
RAB31	2.2502335295907664e-26	0.4055648323418779	0.113	0.016	3.085970262480777e-22
SCO2	2.4888534108187287e-26	0.543592517789382	0.227	0.077	3.4132135675968047e-22
ATP5G2	3.6722164182518823e-26	0.4088675240533153	0.869	0.795	5.036077595990631e-22
TIMP1	3.802773715491269e-26	0.9609464977918998	0.441	0.262	5.215123873424726e-22
PARVG	4.9506066440904435e-26	0.5368709262438358	0.253	0.093	6.789261951705634e-22
OAS1	5.459826177996557e-26	0.4756737975968397	0.304	0.13	7.487605620504478e-22
BRK1	1.0458963150489106e-25	0.45769510456894613	0.672	0.482	1.434342206458076e-21
RHOG	1.4207665050204803e-25	0.7529961805925915	0.512	0.318	1.9484391849850865e-21
SYK	1.4464686882858614e-25	0.4122188903472917	0.154	0.037	1.9836871591152302e-21
NCF4	1.792336417242375e-25	0.49214867386779104	0.128	0.025	2.458010162606193e-21
SH3BGRL3	1.9453869231357175e-25	0.39374025958856507	0.878	0.847	2.667903626388323e-21
SLC25A5	2.061987397006563e-25	0.6185180214332378	0.626	0.44	2.8278095162548005e-21
AGTRAP	2.158569911247066e-25	0.49545963834961837	0.252	0.094	2.9602627762842264e-21
RNH1	2.8314036654116156e-25	0.6154618156760061	0.428	0.236	3.88298698674549e-21
ISG15	2.975809984087049e-25	0.6299942022969862	0.566	0.378	4.081025812176979e-21
ZNF385A	3.8532365481787576e-25	0.36626467321169054	0.108	0.016	5.284328602172348e-21
CLTA	5.608762533569032e-25	0.5581830843450386	0.418	0.217	7.69185693853657e-21
C4orf48	8.578061159942943e-25	0.5424746727129403	0.258	0.1	1.1763953074745753e-20
CDKN1A	1.4436913916940988e-24	0.46983254384210377	0.138	0.031	1.979878374569287e-20
FAM49A	1.4855869321836895e-24	0.3397377203381944	0.108	0.016	2.0373339187967117e-20
GRINA	1.5657639795106795e-24	0.46806768911750274	0.183	0.054	2.147288721500946e-20
C11orf31	2.393809633943854e-24	0.5331765099323804	0.585	0.364	3.282870531990601e-20
RASSF4	2.8937213683938244e-24	0.36848072859436165	0.103	0.015	3.968449484615291e-20
CYB561A3	3.69382277039965e-24	0.7425942989992901	0.165	0.05	5.065708547326081e-20
SUPT4H1	4.93081704938739e-24	0.5763413515326938	0.41	0.217	6.762122501529866e-20
SH3BGRL	5.560189179359234e-24	0.5062800025706862	0.569	0.368	7.625243440573253e-20
NBPF10	6.055711573702977e-24	0.43342907403627484	0.139	0.032	8.304802852176262e-20
ATP6V0D1	6.4486496273004344e-24	0.5307120937039387	0.275	0.113	8.843678098879816e-20
PGD	7.096944168398993e-24	0.47582579148479603	0.202	0.068	9.732749232542378e-20
ACTB	1.457504066367134e-23	0.3419703398297651	0.993	0.993	1.9988210766158873e-19
RPS11	1.4878612470991637e-23	0.35884537219347656	0.967	0.939	2.040452914271793e-19
NAGK	1.5612122518120154e-23	0.4639472010424715	0.21	0.073	2.141046482134998e-19
C20orf24	2.003838278182543e-23	0.5157414758729899	0.432	0.237	2.74806381469954e-19
SOD2	2.018669360922675e-23	0.6621008880742181	0.304	0.142	2.7684031615693566e-19
RAB24	2.2697092320975968e-23	0.4793542008291493	0.171	0.051	3.1126792408986443e-19
HNMT	2.8132128199945374e-23	0.37834522908366613	0.1	0.015	3.858040061340509e-19
PLEKHO1	2.8668728869684193e-23	0.42817273201098066	0.151	0.04	3.9316294771884903e-19
P2RX5	3.445364204647169e-23	0.7555013674891824	0.109	0.02	4.724972470253127e-19
LACTB	4.3332944458342666e-23	0.4317560475083454	0.143	0.036	5.942680003017113e-19
CD36	5.123420263647222e-23	0.39387207637956506	0.114	0.021	7.026258549565799e-19
ATP6V1F	6.75920143241669e-23	0.3598436617952814	0.5	0.297	9.269568844416249e-19
NR4A1	9.326413100979237e-23	0.48981033272054114	0.186	0.061	1.2790242926682927e-18
MSRB1	1.3167075260495506e-22	0.3780628822018781	0.188	0.061	1.8057327012243537e-18
RNASET2	1.3580320333480892e-22	0.5411612527148295	0.609	0.435	1.8624051305335694e-18
SLC16A3	1.7277073118415239e-22	0.48263795710839275	0.138	0.034	2.369377807459466e-18
GNAI2	2.210519359467031e-22	0.42819562214646	0.339	0.165	3.031506249573086e-18
LAMTOR1	2.3316581876693773e-22	0.30800486415741624	0.469	0.27	3.197636038569784e-18
SRGN	2.417660432087649e-22	0.5659969935215385	0.666	0.559	3.315579516565002e-18
BLK	2.8217918033560282e-22	0.6386114473671236	0.102	0.018	3.869805279122457e-18
PAK1	3.05158259138331e-22	0.3198001604023579	0.109	0.02	4.184940365823071e-18
TPI1	3.225520003373481e-22	0.5203867625590846	0.615	0.445	4.423478132626392e-18
CALM2	3.4227751775696807e-22	0.5570729069352112	0.638	0.483	4.69399387851906e-18
RHOA	3.7056557315258133e-22	0.5363041077978257	0.667	0.508	5.0819362702145e-18
RGS19	4.2713581296957605e-22	0.4402029974862054	0.386	0.201	5.857740539064766e-18
NAAA	7.677937054362564e-22	0.5911251354195444	0.277	0.123	1.052952287635282e-17
MT-ND1	7.740953172564236e-22	0.3192994871559174	0.956	0.94	1.0615943180854593e-17
S100A4	1.134456023236174e-21	0.786702478830037	0.766	0.841	1.555792990266089e-17
FOLR3	1.4641660251367788e-21	0.6172840950090268	0.115	0.024	2.0079572868725785e-17
TMSB10	1.707030571628668e-21	0.2542755244602377	0.999	0.99	2.341021725931555e-17
CHMP4B	4.846710119095667e-21	0.45764406063459195	0.273	0.119	6.646778257327797e-17
PLEKHF2	4.924954831439578e-21	0.5682018604356665	0.158	0.05	6.754083055836236e-17
EPSTI1	4.977074478247248e-21	0.5486817266238719	0.279	0.125	6.825559939468276e-17
TNFSF10	5.7982016384182004e-21	0.5967370422291872	0.318	0.156	7.95165372692672e-17
LAMTOR4	6.6225703157578775e-21	0.5053120726856486	0.632	0.454	9.082192931030353e-17
ABI3	7.180500255979688e-21	0.4423058331256903	0.273	0.12	9.847338051050544e-17
LSM10	8.388110270491072e-21	0.4854928355261521	0.314	0.151	1.1503454424951455e-16
NUDT16	8.85908959819158e-21	0.43093217169757364	0.142	0.039	1.2149355474959933e-16
CECR1	9.134741853782821e-21	0.3731368777948423	0.185	0.062	1.252738497827776e-16
THEMIS2	9.679903687123443e-21	0.4664727387185148	0.195	0.07	1.327501991652109e-16
LTA4H	1.0262444090793516e-20	0.5475921667456072	0.253	0.111	1.4073915826114228e-16
RELT	1.8363359853177804e-20	0.3920528379423907	0.101	0.019	2.5183511702648043e-16
ZYX	3.590144642464598e-20	0.3247855124438952	0.238	0.098	4.92352436267595e-16
MYL6	5.2240899521888647e-20	0.3718503986281978	0.88	0.836	7.164316960431809e-16
RNPEP	5.305638240932903e-20	0.3812226345533573	0.162	0.051	7.276152283615383e-16
SPINT2	6.010328002049568e-20	0.44089705821253566	0.241	0.105	8.242563822010778e-16
ATF3	6.621997422918838e-20	0.37403227854918275	0.115	0.027	9.081407265790894e-16
PRKCB	6.954567501729112e-20	0.7205751495709163	0.221	0.091	9.537493871871305e-16
RNF135	1.0274374219425915e-19	0.3497538064291432	0.104	0.022	1.40902768045207e-15
DRAM2	1.162277001840284e-19	0.38769085488359467	0.247	0.11	1.5939466803237655e-15
EFHD2	1.239989853207228e-19	0.48378953033965755	0.293	0.134	1.7005220846883925e-15
EIF4A1	1.2766202306558893e-19	0.4512410717697448	0.735	0.655	1.7507569843214866e-15
MAPKAPK3	1.5016812238715566e-19	0.38477643375754916	0.197	0.073	2.0594056304174526e-15
UNC119	1.5428328212724498e-19	0.3827537576104254	0.173	0.059	2.1158409310930377e-15
ATOX1	2.7068414843188486e-19	0.3543007177291946	0.194	0.072	3.712162411594869e-15
SAT2	2.7555300751588477e-19	0.4660231698672981	0.261	0.118	3.7789339450728435e-15
CASP1	4.080383544407579e-19	0.6132832389890277	0.371	0.212	5.5958379928005534e-15
ARRB2	5.80243424375248e-19	0.5105488327808341	0.359	0.197	7.957458321882151e-15
CHCHD10	7.241505738753841e-19	0.49397684663069696	0.322	0.166	9.931000970127017e-15
ID1	8.727548697228462e-19	0.5413067401981378	0.116	0.03	1.1968960283379112e-14
SULT1A1	8.996961957173385e-19	0.3648946115208338	0.116	0.029	1.233843362806758e-14
POLE4	9.91870698694536e-19	0.50707997003230465	0.284	0.136	1.3602514761896867e-14
SERF2	2.108154411898528e-18	0.2778368528154127	0.884	0.84	2.8911229604776413e-14
QRSL1	2.3729145949593643e-18	0.5919814218613577	0.122	0.035	3.254215075527272e-14
NINJ1	2.6224789123337886e-18	0.42972519060062253	0.239	0.105	3.596467580374558e-14
CREG1	2.966925708880966e-18	0.4063921451337722	0.126	0.036	4.068841917159357e-14
COMMD9	3.3899185546181974e-18	0.36221739790952734	0.196	0.077	4.648934305803396e-14
CHPT1	3.442645085701026e-18	0.4473336788111932	0.192	0.076	4.7212434705303873e-14
TREX1	4.016129797487294e-18	0.31474205429443314	0.197	0.078	5.507720404274076e-14
GLIPR1	5.998114749402757e-18	0.40355271554131145	0.303	0.151	8.225814567330941e-14
PIK3AP1	7.66157274588285e-18	0.3150167743915735	0.103	0.024	1.0507080863703741e-13
UBE2R2	7.683896919649113e-18	0.3670900632599774	0.128	0.037	1.0537696235606794e-13
AP2A1	7.999868916913362e-18	0.33854141206029725	0.126	0.036	1.0971020232654985e-13
DDAH2	8.733516148512466e-18	0.3612622152879975	0.126	0.036	1.1977144046069997e-13
GSTO1	1.1102818899968058e-17	0.47434846530123553	0.391	0.233	1.5226405839416195e-13
AGPAT2	1.2360617185285383e-17	0.3106329230671936	0.135	0.041	1.6951350407900373e-13
PFDN5	1.3823551902821946e-17	0.271727367283352	0.95	0.909	1.8957619079530016e-13
UBE2J1	1.7951472816436688e-17	0.420262900195123	0.184	0.073	2.4618649820461274e-13
CCL3	2.1070552278747737e-17	0.8299004031444781	0.215	0.096	2.889615539507465e-13
HERPUD1	2.2374505463263278e-17	0.5056053522650992	0.301	0.159	3.068439679231926e-13
PSMB3	2.2405418080827625e-17	0.4280110573073681	0.492	0.317	3.0726790356047007e-13
NIPSNAP3A	2.487360691603946e-17	0.3031761734973881	0.125	0.036	3.4111664524656516e-13
FAM110A	2.5817188666796212e-17	0.4191754784354896	0.136	0.043	3.5405692537644326e-13
PPAPDC1B	2.606142028817724e-17	0.6542841280323749	0.136	0.046	3.574063178320627e-13
REEP5	2.8662253846779176e-17	0.42302489131567245	0.365	0.202	3.9307414925472964e-13
LSP1	2.8881725207810045e-17	0.4110526082243058	0.641	0.49	3.9608397949990695e-13
GNB2	2.8959228701440475e-17	0.406247423048993	0.368	0.206	3.9714686241155467e-13
ADRBK1	3.3761611229191044e-17	0.3903480178847423	0.164	0.06	4.63006736397126e-13
SEC11A	4.264870788428279e-17	0.5077182529649475	0.436	0.267	5.848843799250542e-13
CARS2	1.0042473001898056e-16	0.3722757456560196	0.142	0.048	1.3772247474802994e-12
NAMPT	1.2405687081041126e-16	0.3189342006811688	0.154	0.054	1.70131592629398e-12
TCIRG1	1.6991943540009907e-16	0.31326403969847977	0.162	0.059	2.3302751370769586e-12
GNG5	1.9856407888204454e-16	0.42299505318990516	0.391	0.235	2.723107777788359e-12
LAMTOR2	2.6595429196757404e-16	0.3325021035745166	0.317	0.168	3.647297160043311e-12
HEBP1	2.669416854926667e-16	0.31429504459492963	0.121	0.036	3.660838274846431e-12
RBP7	2.819130482973153e-16	0.35469678029948754	0.121	0.036	3.866155544349382e-12
MIR24-2	3.165595069868813e-16	0.4172542894202459	0.177	0.071	4.34129707881809e-12
IMPDH1	3.5771956430972886e-16	0.3288165137248512	0.145	0.05	4.905766104943622e-12
UBE2L6	4.1823450185971274e-16	0.6174233454721285	0.45	0.284	5.7356679585041005e-12
SKAP2	6.216748244477973e-16	0.27664500478959225	0.113	0.033	8.525648542477092e-12
CTSL	7.650424385033446e-16	0.2829148219641952	0.102	0.027	1.0491792001634867e-11
G0S2	7.821952113898955e-16	0.4899642662518241	0.121	0.038	1.0727025129001026e-11
TMEM205	8.947913204293141e-16	0.6388892652003005	0.18	0.073	1.2271168168367614e-11
PARP14	8.95859049449667e-16	0.40988952510061494	0.135	0.046	1.2285811004152733e-11
SMS	9.185577548710967e-16	0.4793806216894412	0.248	0.12	1.2597101050302219e-11
SERPINB1	1.2151378064655642e-15	0.26327496428171915	0.469	0.304	1.6664399877868748e-11
MOB1A	1.2357552839061726e-15	0.4213844228453417	0.28	0.146	1.694714796348925e-11
TMEM179B	1.3074051172107152e-15	0.3669621830715344	0.24	0.114	1.792975377742775e-11
PTPRE	1.3670224178567e-15	0.3457373241404961	0.147	0.053	1.8747345438486784e-11
HOTAIRM1	1.4337514211261055e-15	0.2690996771758609	0.113	0.033	1.966246698932341e-11
COX17	1.759634542077296e-15	0.38685813311861905	0.278	0.142	2.4131628110048035e-11
EIF4E2	1.7870028637013775e-15	0.46759284811171065	0.232	0.111	2.450695727280069e-11
ANXA4	1.909053279885132e-15	0.3855475916899345	0.162	0.063	2.61807566803447e-11
CAPNS1	1.9851977469489822e-15	0.36440954218718735	0.201	0.087	2.722500190165834e-11
SERP1	2.1425026214947663e-15	0.3256332588451545	0.643	0.5	2.938228095117922e-11
NAPRT1	2.5273969856342704e-15	0.4578388111163664	0.195	0.084	3.4660722260988385e-11
CAT	2.8987839543350343e-15	0.3754375193807493	0.211	0.098	3.975392314975066e-11
NFKBIA	3.109339917709487e-15	0.40593206687397787	0.552	0.4	4.26414876314679e-11
GRB2	6.0905267223025964e-15	0.5078703237664178	0.266	0.136	8.35254834696578e-11
ZNF706	6.3490566614863714e-15	0.410136527508405	0.409	0.256	8.707096305562409e-11
NDUFS7	8.127562419935709e-15	0.44740966658693493	0.389	0.235	1.1146139102699831e-10
ARF5	8.746833653176239e-15	0.3750975293245442	0.396	0.24	1.1995407671965893e-10
PDXK	8.885627911476322e-15	0.30929560417873325	0.114	0.036	1.218575011779863e-10
RHOC	1.1083802450052545e-14	0.5820031784393888	0.265	0.142	1.520032668000206e-10
GLUL	1.3361683020613973e-14	0.3658316115934288	0.188	0.083	1.832421209447e-10
IRF7	1.3433794358890015e-14	0.3124004867367979	0.241	0.119	1.8423105583781768e-10
FUOM	1.4660791805454538e-14	0.3240232318652714	0.12	0.039	2.0105809882000353e-10
CSTB	1.6235150578761218e-14	0.5708767735476079	0.458	0.318	2.2264885503713136e-10
FAM46A	1.8916738858529014e-14	0.27749189797795004	0.116	0.037	2.594241567058669e-10
AKIRIN2	2.2460427625652518e-14	0.297512597827709	0.198	0.088	3.0802230445819863e-10
HN1	2.3726620059593257e-14	0.4755463511559841	0.332	0.193	3.2538686749726193e-10
SDCBP	2.6352336974782387e-14	0.3702124256645072	0.335	0.19	3.6139594927216566e-10
MT2A	2.935936122550795e-14	0.5774788767268613	0.403	0.266	4.0263427984661603e-10
TCEB2	3.5712765954170066e-14	0.36149842623403283	0.578	0.434	4.897648722954883e-10
ZNF581	5.666707323533664e-14	0.3677929817542905	0.166	0.071	7.771322423494067e-10
PLSCR1	6.050210097740827e-14	0.35542644418380465	0.211	0.099	8.297258128041771e-10
GAPDH	6.659693796368474e-14	0.41523848220276394	0.842	0.857	9.133104072339725e-10
ZFP36	9.341654175021227e-14	0.3451031592137417	0.77	0.668	1.281114453562411e-9
SMAP2	9.678915797552097e-14	0.5451174572778525	0.234	0.118	1.3273665124762947e-9
C10orf54	1.1580551978923973e-13	0.5441191279153705	0.449	0.327	1.5881568983896337e-9
CD55	1.1672783791449139e-13	0.4188760001704367	0.285	0.159	1.6008055691593348e-9
ORAI3	1.1808988137116925e-13	0.3782148991514312	0.116	0.039	1.619484633124215e-9
GNAS	1.1955571172553062e-13	0.334723565357685	0.392	0.245	1.6395870306039268e-9
SP110	1.4476618218222461e-13	0.3373227249807995	0.376	0.229	1.9853234224470284e-9
GDI2	1.5654521187200294e-13	0.5100510212783458	0.396	0.251	2.1468610356126484e-09
CSK	1.6386239817645375e-13	0.33754637242426255	0.304	0.169	2.247208928591887e-9
MIR142	1.831937169939429e-13	0.28639424129157065	0.242	0.123	2.512318634854933e-9
CYC1	1.9066617873591095e-13	0.3407549293165617	0.274	0.146	2.6147959751842827e-9
SRA1	2.0022552801884145e-13	0.5510554169117514	0.164	0.07	2.7458928912503916e-9
CXXC5	2.1400627432932322e-13	0.3816919672515419	0.122	0.044	2.9348820461523387e-9
NRROS	2.456716439575548e-13	0.3033414821495013	0.106	0.035	3.369140925233907e-9
RILPL2	2.8597743148991044e-13	0.518820875339396	0.27	0.144	3.9218944954526314e-9
MOB3A	2.9919342069137696e-13	0.31013270412529204	0.154	0.064	4.103138571361544e-9
ALDOA	3.2109247437944224e-13	0.3262916444448778	0.739	0.688	4.403462193639671e-9
DAPP1	3.391567881922961e-13	0.3037757121598737	0.108	0.036	4.651196193269149e-9
PTPN18	3.40986300506863e-13	0.31791087296389475	0.211	0.101	4.676286125151119e-9
AOAH	3.4331151381209075e-13	0.28880508047839837	0.192	0.087	4.7081741004190124e-9
EIF6	4.319404826973875e-13	0.37427678449616886	0.308	0.176	5.923631779711972e-9
LAP3	4.606580950385199e-13	0.34629610030073055	0.225	0.114	6.317465115358261e-9
VMA21	5.24483141466914e-13	0.27063212063871894	0.14	0.055	7.192761802077258e-9
FOSB	5.707595424671358e-13	0.36265164454049525	0.572	0.438	7.8273963653943e-9
IL8	6.705471479992058e-13	0.6231318474482157	0.124	0.047	9.195883587661108e-9
UQCRC1	6.7713369415938e-13	0.3761025054825058	0.26	0.139	9.286211481701737e-9
COX8A	6.791914550464793e-13	0.3514927543123403	0.486	0.328	9.314431614507416e-9
RBX1	7.938813911577116e-13	0.3514131293733016	0.386	0.237	1.0887289398336857e-8
NANS	9.392100513613834e-13	0.31933136640903625	0.177	0.079	1.2880326644370013e-8
IFI35	9.635303832556566e-13	0.42420994016504165	0.255	0.138	1.3213855675968074e-8
JUND	1.008224362320778e-12	0.26491018044315606	0.221	0.114	1.3826788904867151e-8
MTSS1	1.0926562430806301e-12	0.32207565915389375	0.136	0.054	1.498468771760776e-8
TMEM154	1.1262738922354234e-12	0.383707625157032	0.119	0.044	1.5445720158116598e-8
MAP3K8	1.4666970105762478e-12	0.5269729278855945	0.1	0.033	2.0114282803042663e-8
NDUFS6	1.494641741980185e-12	0.2959498953265396	0.313	0.182	2.0497516849516256e-8
SPTSSA	1.6930126507388698e-12	0.27649965870564186	0.11	0.038	2.321797549223286e-8
UBE2D1	1.8870140852530846e-12	0.2917698220053838	0.163	0.073	2.5878511165160803e-8
CD52	2.7192974232645133e-12	0.2863937675816377	0.921	0.88	3.729244486264954e-8
FBP1	2.7901444316672355e-12	0.30482459040604093	0.105	0.036	3.826404073588447e-8
MARCKSL1	3.6088613107668845e-12	0.5103697627705625	0.255	0.142	4.949192401585705e-8
ARPC1A	3.836798434005599e-12	0.3064326138995027	0.185	0.087	5.2617853723952785e-8
BNIP3L	4.040287712604135e-12	0.3578554336930375	0.236	0.126	5.5408505690653104e-8
EVI2B	5.7270386491409736e-12	0.40669444882854777	0.413	0.276	7.854060803431931e-8
NOP10	6.060817394840141e-12	0.3726098697756717	0.382	0.244	8.311804975283769e-8
ZFAND5	7.775647253426036e-12	0.3457260453008306	0.245	0.133	1.0663522643348465e-7
TLN1	7.915763882094893e-12	0.26892878431499934	0.188	0.091	1.0855678587904936e-7
MIDN	8.000959341060061e-12	0.2581967237092161	0.163	0.074	1.0972515640329767e-7
PPP4C	9.836018908158805e-12	0.31304027962332737	0.38	0.239	1.3489116330648984e-7
AKR1A1	1.0636395134868577e-11	0.3167110272588217	0.214	0.11	1.4586752287958766e-7
IFIT3	1.09588281834382e-11	0.2625234316271917	0.164	0.075	1.5028936970767148e-7
CUX1	1.489064282343679e-11	0.2567267981126399	0.109	0.04	2.0421027568061211e-7
BAX	1.6440877955342842e-11	0.31253113788336395	0.4	0.251	2.2547020027957173e-7
MIS18BP1	1.984690296776154e-11	0.42973464264860256	0.104	0.038	2.7218042729988175e-7
XAF1	2.3539817200008086e-11	0.2809627362284143	0.286	0.167	3.228250530809109e-7
GLRX	2.8232126696217916e-11	0.43166614937007974	0.462	0.324	3.871753855119325e-7
ARHGAP27	3.149277928394929e-11	0.25938274184251264	0.101	0.036	4.3189197510008054e-7
COMT	3.651253579069271e-11	0.34330808462436146	0.222	0.117	5.007329158335598e-7
MTPN	3.770876489375163e-11	0.35905917237335694	0.189	0.096	5.171380017529099e-7
TIMM13	3.861289740895776e-11	0.33847002251141456	0.283	0.165	5.295372750664467e-7
STX10	4.280807183923834e-11	0.37075658114807497	0.209	0.11	5.870698972033145e-7
RALB	4.6293155598703344e-11	0.2986902910634817	0.135	0.058	6.348643358806177e-7
UBXN11	7.441631095157321e-11	0.25882114873988066	0.126	0.052	1.020545288389875e-6
ERCC1	7.778101603228973e-11	0.30032604147963937	0.175	0.085	1.0666888538668213e-6
RAB10	8.275462111331221e-11	0.25025924399576416	0.214	0.114	1.1348968739479636e-6
CASP4	9.567947264558592e-11	0.47409240586677615	0.398	0.269	1.3121482878615653e-6
UQCRFS1	1.0508176459406553e-10	0.2833621045129906	0.373	0.237	1.4410913196430147e-6
FCGR3A	1.0521730336000239e-10	0.8334775408485733	0.247	0.15	1.4429500982790728e-6
BAG1	1.0934945282612303e-10	0.29780400779349125	0.244	0.137	1.4996183960574513e-6
AMICA1	1.3535676208832378e-10	0.3097399910546663	0.341	0.217	1.8562826352792722e-6
LSMD1	1.6484902797956227e-10	0.3760029585413327	0.242	0.137	2.260739569711717e-6
ACAA1	3.236217648362966e-10	0.32755831276463354	0.199	0.104	4.438148882964971e-6
NCKAP1L	3.812984966605356e-10	0.3821798382339466	0.159	0.076	5.229127583202585e-6
ARL4A	4.2096719155313287e-10	0.48740896125021627	0.212	0.12	5.773144064959664e-6
BST2	4.5987697481472973e-10	0.32627141441940566	0.542	0.394	6.306752832609203e-6
NUMB	5.205510071092145e-10	0.3420536501352739	0.124	0.054	7.138836511495767e-6
COX5A	5.431654299998737e-10	0.3295011451639238	0.437	0.306	7.448970707018267e-6
CTSD	5.79390054726091e-10	0.28525720703805035	0.317	0.197	7.945755210513611e-6
WDR83OS	5.914538741122093e-10	0.3347451503005494	0.429	0.297	8.111198429574839e-6
MTMR14	6.1523863858132e-10	0.27507971959690264	0.16	0.078	8.437382689504222e-6
VAMP8	6.324824540867421e-10	0.3545872147922484	0.572	0.47	8.673864375345581e-6
MX1	7.741874630575695e-10	0.3187267149312898	0.29	0.175	1.0617206868371508e-5
SHKBP1	8.338846503154368e-10	0.2744269994550481	0.228	0.129	1.14358940944259e-5
DUSP23	8.816673345248046e-10	0.3164649285987981	0.15	0.073	1.2091185825673171e-5
ORAI2	9.76139678181199e-10	0.3856851510323404	0.112	0.049	1.3386779546576962e-5
DBI	1.0854481677697498e-9	0.39007612382488577	0.437	0.308	1.4885836172794348e-5
CYB5R4	1.0857140170694243e-9	0.2909308293421493	0.153	0.076	1.4889482030090084e-5
HIGD2A	1.145767269968037e-9	0.3504231736241672	0.574	0.448	1.571305234034166e-5
REL	1.266565205755748e-9	0.29072915663191734	0.158	0.08	1.7369675231734325e-5
ATP5J2	1.5846313139182474e-9	0.2587523853083984	0.41	0.274	2.1731633839074846e-5
PHPT1	1.8530450135788536e-9	0.336920571561116	0.226	0.127	2.5412659316220397e-5
PCGF5	1.885209096288042e-9	0.2640890583701422	0.173	0.09	2.5853757546494208e-5
NDUFA11	2.673704193958979e-9	0.2848810408497262	0.502	0.361	3.6667179315953436e-5
PRDX3	2.68651620626126e-9	0.27990170505537604	0.19	0.102	3.684288325266692e-5
EMP3	2.9793079849019544e-9	0.3845338128699911	0.765	0.716	4.08582297049454e-5
RTN4	2.9929872730645305e-9	0.3195677789202189	0.315	0.199	4.104582746280697e-5
DNAJC4	3.3936620868441125e-9	0.31689150157740964	0.172	0.091	4.654068185898016e-5
PPT1	3.4055204428968336e-9	0.4188908398296841	0.259	0.154	4.670330735388718e-5
ENY2	3.592692044452011e-9	0.3089059362800801	0.263	0.157	4.927017869761488e-5
BLOC1S2	3.6292807879300497e-9	0.36633676747126165	0.218	0.129	4.97719567256727e-5
OXA1L	4.2636096712920655e-9	0.2595359831581564	0.27	0.165	5.8471143032099385e-5
COX6B1	4.49016834558873e-9	0.26439034489656255	0.639	0.538	6.157816869140385e-5
EIF1B	5.502581205909871e-9	0.4177244124846071	0.254	0.154	7.546239865784796e-5
DBNL	5.770341213806139e-9	0.26025293048170495	0.313	0.2	7.913445940613739e-5
MYO1G	8.342459133998311e-9	0.3398113257789579	0.304	0.193	1.1440848456365284e-4
CLTB	8.467674859162059e-9	0.2578852946079717	0.256	0.153	1.1612569301854848e-4
ZNHIT1	8.908048583651518e-9	0.28263387849620947	0.349	0.231	1.221649782761969e-4
ATP1B3	9.836679871579629e-9	0.2904117314913488	0.224	0.13	1.3490022775884303e-4
ATP5D	1.0490902306907821e-8	0.2772271846652634	0.629	0.494	1.4387223423693385e-4
SAMD9L	1.0824492130984711e-8	0.40818894405249806	0.143	0.071	1.4844708508432433e-4
PGAM1	1.1129339339808733e-8	0.255106850698704	0.305	0.196	1.5262775970613696e-4
COX5B	1.1254287789300846e-8	0.2642231296706652	0.574	0.462	1.543413027424718e-4
CHMP1B	1.1610154140639e-8	0.3545025053036772	0.33	0.22	1.5922165388472325e-4
S100A10	1.3050239632938942e-8	0.4442188771816493	0.659	0.631	1.7897098632612465e-4
ERP44	1.3125484173644632e-8	0.3917491023539048	0.235	0.141	1.8000288995736249e-4
VMP1	1.3305953210539502e-8	0.2589784910272648	0.189	0.104	1.8247784232933872e-4
C7orf50	1.5856363464179375e-8	0.2775688712776103	0.219	0.127	2.1745416854775595e-4
YWHAE	1.785965434954627e-8	0.33316849534265813	0.197	0.11	2.4492729974967753e-4
RCSD1	1.8880853793974358e-8	0.3301407111562229	0.276	0.18	2.5893202893056435e-4
FIBP	2.4919408502195406e-8	0.26249309717150193	0.231	0.137	3.417447681991078e-4
ZNF106	2.789197639678558e-8	0.3156723689364959	0.116	0.054	3.825105643055175e-4
LYSMD2	4.276118362511433e-8	0.31099765476704055	0.261	0.162	5.864268722348179e-4
ATP5B	5.882313337393134e-8	0.29361955970368925	0.477	0.365	8.067004510900944e-4
IDH3G	6.513762521837698e-8	0.42877857908087535	0.261	0.163	8.932973922448218e-4
PPP1CA	7.708423900742709e-8	0.2835082322028004	0.59	0.477	0.001057133253747855
MRPL27	7.750985097053193e-8	0.2500890109572076	0.144	0.076	0.001062970096209875
RNF181	8.431503100098918e-8	0.2586996426219822	0.283	0.179	0.0011562963351475655
SSR3	1.0405663592435271e-7	0.31506178860778955	0.238	0.147	0.001427032705066573
ADK	1.0857393212628645e-7	0.379516356796061	0.16	0.092	0.0014889829051798924
DNTTIP1	1.2422186962914864e-7	0.48114621029192256	0.104	0.048	0.0017035787200941443
AAMP	1.3131296498417376e-7	0.3398558456155062	0.162	0.09	0.001800826001792959
VAMP5	1.9063478991016767e-7	0.3086141747677362	0.284	0.19	0.0026143655088280396
SNX5	2.3584604702693024e-7	0.3033931330144978	0.149	0.081	0.0032343926889273214
MAP2K3	2.533405541128685e-7	0.25013054835131887	0.193	0.113	0.0034743123591038784
IFT57	2.901164241420727e-7	0.3633086447586769	0.117	0.06	0.003978656640684385
TNFRSF1A	3.8103434178702044e-7	0.2953498231775804	0.133	0.069	0.005225504963267198
TUBA1A	3.9391788384583616e-7	0.27911390075282716	0.529	0.423	0.005402189859061797
LAIR1	6.429396707481924e-7	0.2924574618435009	0.129	0.068	0.00881727464464071
TMEM208	6.916726406509065e-7	0.42010538088752136	0.171	0.101	0.009485598593886532
RAB8A	7.854705053585086e-7	0.25489674558945774	0.276	0.184	0.010771942510486587
NDUFB5	8.208578977774531e-7	0.29271236798910294	0.27	0.18	0.011257245210119992
GPX4	9.806243929941032e-7	0.31100468355348054	0.597	0.513	0.01344828292552113
HSD17B11	1.0127667077538643e-6	0.280903888903401	0.332	0.232	0.013889082630136496
VIM	1.2374500099592907e-6	0.3571862389082896	0.799	0.803	0.016970389436581714
DRAP1	1.5430951096905187e-6	0.3835980546901774	0.53	0.429	0.021162006334295772
CALCOCO2	1.6563946780258376e-6	0.27943154322344776	0.172	0.103	0.022715796614446337
C15orf57	1.8140432367220937e-6	0.5449288892829947	0.113	0.06	0.024877788948406792
DNAJC7	2.034695838139304e-6	0.4005833029892951	0.203	0.128	0.027903818724242416
COMMD3	2.153816380576432e-6	0.319758914527016	0.17	0.102	0.029537437843225187
SMARCB1	2.6205573276295135e-6	0.2997219880690938	0.169	0.102	0.03593832319111115
CCDC23	3.600701920827813e-6	0.2503959911078244	0.161	0.097	0.04938002614223262
SNF8	4.221733520068118e-6	0.25158318117489453	0.243	0.16	0.05789685349421417
MYADM	4.298037595525519e-6	0.335613640767528	0.239	0.161	0.05894328758503697
EZR	5.47309443299967e-6	0.2601529545257044	0.246	0.168	0.07505801705415747
DECR1	7.626980845954034e-6	0.3066399983465151	0.235	0.157	0.10459641532141363
PLAC8	8.424994166200443e-6	0.2722393086165096	0.515	0.424	0.11554036999527287
TMEM219	9.32083497070923e-6	0.2837234826804469	0.335	0.24	0.12782593078830637
PMVK	1.0506795639587088e-5	0.2984081682635298	0.189	0.12	0.14409019540129733
TGFB1	1.1326894236495797e-5	0.25121618244389	0.252	0.169	0.15533702755930337
IFITM2	1.5765726710487677e-5	0.4604866506134315	0.723	0.701	0.216211176107628
UCP2	2.2757630975191752e-5	0.2508100510493416	0.617	0.529	0.3120981511937797
TPD52	2.7907662276980058e-5	0.34998511130206494	0.106	0.063	0.3827256804665045
NFYC	3.059579545515918e-5	0.2545720743221189	0.118	0.069	0.419590738872053
PAPOLA	3.1381481625020495e-5	0.26114702961490177	0.264	0.191	0.43036563900553104
EIF5	3.6916526624212625e-5	0.26472377688986715	0.328	0.244	0.5062732461244519
FAM32A	5.110199776851289e-5	0.36938096187196523	0.182	0.119	0.7008127973973858
ATP5C1	7.878543878825951e-5	0.3894668601769171	0.365	0.278	1
CNIH4	1.864261175639406e-4	0.30057710100940666	0.108	0.065	1
CIR1	1.947923854417998e-4	0.255649696265295	0.145	0.094	1
PFDN2	2.006416811810714e-4	0.25513672482841754	0.239	0.169	1
BLCAP	2.249825399196892e-4	0.25775642798813864	0.104	0.064	1
SNHG7	2.3485208807464233e-4	0.40195679190379585	0.301	0.245	1
ITPA	4.565100034332687e-4	0.2772580991655679	0.157	0.107	1
CHMP3	4.63740449386603e-4	0.25895685051068895	0.21	0.153	1
RTFDC1	5.177674291576847e-4	0.27429462270264293	0.254	0.186	1
SUMO3	7.012981626476513e-4	0.44091913895000956	0.254	0.188	1
DDT	7.337935490217201e-4	0.4243046523992262	0.232	0.171	1
RASGRP2	7.437761403832281e-4	0.38545843752945674	0.283	0.219	1
SNX17	0.001693084086284435	0.29078496201463544	0.258	0.195	1
MID1IP1	0.0021161030095279178	0.30235305716789906	0.155	0.111	1
LSM6	0.0026608191203871126	0.31687919449876345	0.197	0.146	1
MRPL43	0.0035291735214109383	0.27669268230418576	0.208	0.157	1
SIAH2	0.00448946995561094	0.3548477115510814	0.144	0.105	1
RPL22L1	0.004972386702878014	0.3323866158056461	0.229	0.183	1
TMEM165	0.13714851785812002	0.2552740777000134	0.166	0.139	1
HAGH	0.2715340701757239	0.4069085191299342	0.127	0.108	1
MMADHC	0.9420221374017903	0.38093339892166034	0.133	0.131	1
